id,name,name_long,sovereign,type,area_km2,label_lon,label_lat
ABW,Aruba,Aruba,Netherlands,Country,155.6,-69.989,12.524
AFG,Afghanistan,Afghanistan,Afghanistan,Sovereign country,643493.3,65.193,33.924
AGO,Angola,Angola,Angola,Sovereign country,1252254.0,18.859,-11.92
AIA,Anguilla,Anguilla,United Kingdom,Dependency,83.5,-63.084,18.211
ALB,Albania,Albania,Albania,Sovereign country,28399.0,20.004,41.182
ALD,Åland,Åland Islands,Finland,Country,761.6,20.052,60.247
AND,Andorra,Andorra,Andorra,Sovereign country,442.8,1.572,42.54
ARE,United Arab Emirates,United Arab Emirates,United Arab Emirates,Sovereign country,71434.7,55.125,24.344
ARG,Argentina,Argentina,Argentina,Sovereign country,2788914.7,-63.971,-37.086
ARM,Armenia,Armenia,Armenia,Sovereign country,29623.7,44.837,40.087
ASM,American Samoa,American Samoa,United States of America,Dependency,120.7,-170.719,-14.297
ATC,Ashmore and Cartier Is.,Ashmore and Cartier Islands,Australia,Dependency,2.7,123.584,-12.43
ATF,Fr. S. Antarctic Lands,French Southern and Antarctic Lands,France,Dependency,6987.2,70.239,-49.187
ATG,Antigua and Barb.,Antigua and Barbuda,Antigua and Barbuda,Sovereign country,433.8,-61.786,17.084
AUS,Australia,Australia,Australia,Country,7723252.8,133.077,-24.934
AUT,Austria,Austria,Austria,Sovereign country,84098.7,14.752,47.701
AZE,Azerbaijan,Azerbaijan,Azerbaijan,Sovereign country,86595.8,47.732,40.14
BDI,Burundi,Burundi,Burundi,Sovereign country,27268.3,29.914,-3.378
BEL,Belgium,Belgium,Belgium,Sovereign country,30699.6,4.798,50.503
BEN,Benin,Benin,Benin,Sovereign country,116842.8,2.279,9.303
BFA,Burkina Faso,Burkina Faso,Burkina Faso,Sovereign country,274297.3,-1.203,12.252
BGD,Bangladesh,Bangladesh,Bangladesh,Sovereign country,135955.1,89.868,23.681
BGR,Bulgaria,Bulgaria,Bulgaria,Sovereign country,112670.1,25.159,42.733
BHR,Bahrain,Bahrain,Bahrain,Sovereign country,542.7,50.549,26.03
BHS,Bahamas,Bahamas,The Bahamas,Sovereign country,12697.1,-78.376,26.648
BIH,Bosnia and Herz.,Bosnia and Herzegovina,Bosnia and Herzegovina,Sovereign country,51800.3,17.922,43.928
BLM,St-Barthélemy,Saint-Barthélemy,France,Dependency,24.6,-62.837,17.904
BLR,Belarus,Belarus,Belarus,Sovereign country,207156.2,27.939,53.737
BLZ,Belize,Belize,Belize,Sovereign country,22830.1,-88.737,17.138
BMU,Bermuda,Bermuda,United Kingdom,Dependency,66.1,-64.715,32.345
BOL,Bolivia,Bolivia,Bolivia,Sovereign country,1092712.7,-64.066,-16.302
BRA,Brazil,Brazil,Brazil,Sovereign country,8518415.2,-49.723,-14.224
BRB,Barbados,Barbados,Barbados,Sovereign country,390.2,-59.551,13.175
BRN,Brunei,Brunei Darussalam,Brunei,Sovereign country,5684.8,114.491,4.502
BTN,Bhutan,Bhutan,Bhutan,Sovereign country,39966.2,90.327,27.506
BWA,Botswana,Botswana,Botswana,Sovereign country,581926.3,24.479,-22.337
CAF,Central African Rep.,Central African Republic,Central African Republic,Sovereign country,622374.7,20.619,6.596
CAN,Canada,Canada,Canada,Sovereign country,9894148.9,-110.427,56.826
CHE,Switzerland,Switzerland,Switzerland,Sovereign country,41299.2,8.423,46.794
CHL,Chile,Chile,Chile,Sovereign country,739086.3,-71.502,-35.684
CHN,China,China,China,Country,9392194.5,98.582,36.899
CIV,Côte d'Ivoire,Côte d'Ivoire,Ivory Coast,Sovereign country,323018.4,-5.695,7.532
CMR,Cameroon,Cameroon,Cameroon,Sovereign country,466925.5,13.614,7.379
COD,Dem. Rep. Congo,Democratic Republic of the Congo,Democratic Republic of the Congo,Sovereign country,2339854.2,22.437,-4.059
COG,Congo,Republic of the Congo,Republic of the Congo,Sovereign country,347650.7,16.04,-0.697
COK,Cook Is.,Cook Islands,New Zealand,Dependency,60.8,-159.789,-21.219
COL,Colombia,Colombia,Colombia,Sovereign country,1141985.6,-72.587,4.109
COM,Comoros,Comoros,Comoros,Sovereign country,1589.5,44.393,-12.196
CPV,Cabo Verde,Republic of Cabo Verde,Cabo Verde,Sovereign country,3593.1,-25.174,17.059
CRI,Costa Rica,Costa Rica,Costa Rica,Sovereign country,51628.7,-83.655,9.633
CUB,Cuba,Cuba,Cuba,Sovereignty,109541.1,-77.958,21.527
CUW,Curaçao,Curaçao,Netherlands,Country,430.6,-68.985,12.195
CYM,Cayman Is.,Cayman Islands,United Kingdom,Dependency,302.0,-81.262,19.317
CYN,N. Cyprus,Northern Cyprus,Northern Cyprus,Sovereign country,3478.7,33.456,35.314
CYP,Cyprus,Cyprus,Cyprus,Sovereign country,5720.9,32.978,34.88
CZE,Czechia,Czech Republic,Czechia,Sovereign country,78657.9,15.515,49.809
DEU,Germany,Germany,Germany,Sovereign country,356962.2,10.475,51.076
DJI,Djibouti,Djibouti,Djibouti,Sovereign country,21752.6,42.4,11.784
DMA,Dominica,Dominica,Dominica,Sovereign country,699.4,-61.357,15.462
DNK,Denmark,Denmark,Denmark,Country,42512.2,9.264,56.264
DOM,Dominican Rep.,Dominican Republic,Dominican Republic,Sovereign country,48698.1,-70.124,18.768
DZA,Algeria,Algeria,Algeria,Sovereign country,2327947.2,0.595,27.972
ECU,Ecuador,Ecuador,Ecuador,Sovereign country,256239.1,-78.283,-1.776
EGY,Egypt,Egypt,Egypt,Sovereign country,1005831.2,29.455,26.824
ERI,Eritrea,Eritrea,Eritrea,Sovereign country,123954.9,38.105,15.177
ESB,Dhekelia,Dhekelia,United Kingdom,Dependency,127.7,33.76,35.026
ESP,Spain,Spain,Spain,Sovereign country,507303.2,-3.487,39.907
EST,Estonia,Estonia,Estonia,Sovereign country,45554.3,25.502,58.617
ETH,Ethiopia,Ethiopia,Ethiopia,Sovereign country,1134318.1,38.938,9.185
FIN,Finland,Finland,Finland,Country,331232.4,27.439,64.934
FJI,Fiji,Fiji,Fiji,Sovereign country,18447.7,177.978,-17.803
FLK,Falkland Is.,Falkland Islands / Malvinas,United Kingdom,Disputed,11411.8,-58.77,-51.801
FRA,France,France,France,Country,636466.7,2.194,46.72
FRO,Faeroe Is.,Faeroe Islands,Denmark,Dependency,1037.6,-7.235,62.088
FSM,Micronesia,Federated States of Micronesia,Federated States of Micronesia,Sovereign country,525.3,158.242,6.888
GAB,Gabon,Gabon,Gabon,Sovereign country,261246.4,11.626,-0.856
GBR,United Kingdom,United Kingdom,United Kingdom,Country,240147.7,-1.958,54.35
GEO,Georgia,Georgia,Georgia,Sovereign country,69460.6,43.637,42.296
GGY,Guernsey,Guernsey,United Kingdom,Country,48.2,-2.587,49.46
GHA,Ghana,Ghana,Ghana,Sovereign country,240102.2,-1.068,7.977
GIB,Gibraltar,Gibraltar,United Kingdom,Disputed,3.7,-5.346,36.127
GIN,Guinea,Guinea,Guinea,Sovereign country,245474.1,-9.672,9.949
GMB,Gambia,The Gambia,Gambia,Sovereign country,10336.7,-14.36,13.442
GNB,Guinea-Bissau,Guinea-Bissau,Guinea-Bissau,Sovereign country,32127.5,-14.609,11.802
GNQ,Eq. Guinea,Equatorial Guinea,Equatorial Guinea,Sovereign country,26703.4,10.502,1.679
GRC,Greece,Greece,Greece,Sovereign country,130458.0,21.807,39.084
GRD,Grenada,Grenada,Grenada,Sovereign country,286.7,-61.674,12.147
GRL,Greenland,Greenland,Denmark,Country,2159634.8,-37.636,71.701
GTM,Guatemala,Guatemala,Guatemala,Sovereign country,108724.5,-90.282,15.785
GUM,Guam,Guam,United States of America,Dependency,483.2,144.784,13.478
GUY,Guyana,Guyana,Guyana,Sovereign country,212422.5,-58.961,4.851
HKG,Hong Kong,Hong Kong,China,Country,1031.2,114.116,22.433
HMD,Heard I. and McDonald Is.,Heard I. and McDonald Islands,Australia,Dependency,419.6,73.509,-53.061
HND,Honduras,Honduras,Honduras,Sovereign country,113769.9,-87.244,14.493
HRV,Croatia,Croatia,Croatia,Sovereign country,54542.2,15.34,44.736
HTI,Haiti,Haiti,Haiti,Sovereign country,26865.1,-72.25,18.954
HUN,Hungary,Hungary,Hungary,Sovereign country,93167.1,19.118,47.185
IDN,Indonesia,Indonesia,Indonesia,Sovereign country,1876355.0,113.352,0.096
IMN,Isle of Man,Isle of Man,United Kingdom,Country,558.6,-4.511,54.246
IND,India,India,India,Sovereign country,3162896.3,80.231,21.784
IOA,Indian Ocean Ter.,Indian Ocean Territories,Australia,Dependency,144.0,105.654,-10.503
IOT,Br. Indian Ocean Ter.,British Indian Ocean Territory,United Kingdom,Disputed,132.7,72.415,-7.322
IRL,Ireland,Ireland,Ireland,Sovereign country,68853.6,-8.114,53.429
IRN,Iran,Iran,Iran,Sovereign country,1626451.9,54.058,32.44
IRQ,Iraq,Iraq,Iraq,Sovereign country,438435.3,42.486,33.202
ISL,Iceland,Iceland,Iceland,Sovereign country,101387.0,-18.442,64.978
ISR,Israel,Israel,Israel,Disputed,22101.3,34.67,31.451
ITA,Italy,Italy,Italy,Sovereign country,300957.4,12.67,42.521
JAM,Jamaica,Jamaica,Jamaica,Sovereign country,10956.7,-77.156,18.1
JEY,Jersey,Jersey,United Kingdom,Country,126.6,-2.123,49.209
JOR,Jordan,Jordan,Jordan,Sovereign country,89059.0,36.3,31.278
JPN,Japan,Japan,Japan,Sovereign country,370923.2,143.331,43.488
KAS,Siachen Glacier,Siachen Glacier,Kashmir,Indeterminate,2122.9,77.262,35.407
KAZ,Kazakhstan,Kazakhstan,Kazakhstan,Sovereignty,2718847.4,66.323,47.984
KEN,Kenya,Kenya,Kenya,Sovereign country,596152.3,37.535,0.444
KGZ,Kyrgyzstan,Kyrgyzstan,Kyrgyzstan,Sovereign country,199094.9,75.073,41.21
KHM,Cambodia,Cambodia,Cambodia,Sovereign country,181769.9,105.099,12.555
KIR,Kiribati,Kiribati,Kiribati,Sovereign country,939.7,173.104,1.361
KNA,St. Kitts and Nevis,Saint Kitts and Nevis,Saint Kitts and Nevis,Sovereign country,233.5,-62.751,17.321
KOR,South Korea,Republic of Korea,South Korea,Sovereign country,97362.4,127.996,36.45
KOS,Kosovo,Kosovo,Kosovo,Disputed,10936.0,20.897,42.576
KWT,Kuwait,Kuwait,Kuwait,Sovereign country,17368.6,47.404,29.311
LAO,Laos,Lao PDR,Laos,Sovereign country,229459.5,104.683,18.207
LBN,Lebanon,Lebanon,Lebanon,Sovereign country,10034.5,35.921,33.867
LBR,Liberia,Liberia,Liberia,Sovereign country,95879.4,-9.629,6.435
LBY,Libya,Libya,Libya,Sovereign country,1630146.6,17.284,26.386
LCA,Saint Lucia,Saint Lucia,Saint Lucia,Sovereign country,552.6,-60.98,13.891
LIE,Liechtenstein,Liechtenstein,Liechtenstein,Sovereign country,138.3,9.526,47.165
LKA,Sri Lanka,Sri Lanka,Sri Lanka,Sovereign country,66196.8,80.659,7.907
LSO,Lesotho,Lesotho,Lesotho,Sovereign country,30094.8,28.169,-29.609
LTU,Lithuania,Lithuania,Lithuania,Sovereign country,64663.1,24.165,55.15
LUX,Luxembourg,Luxembourg,Luxembourg,Sovereign country,2617.8,6.081,49.807
LVA,Latvia,Latvia,Latvia,Sovereign country,64405.4,24.39,56.86
MAC,Macao,Macao,China,Country,22.8,113.511,22.219
MAF,St-Martin,Saint-Martin,France,Dependency,49.1,-63.055,18.098
MAR,Morocco,Morocco,Morocco,Sovereign country,583706.2,-9.915,28.655
MCO,Monaco,Monaco,Monaco,Sovereign country,12.4,7.409,43.752
MDA,Moldova,Moldova,Moldova,Sovereign country,33191.2,28.823,46.971
MDG,Madagascar,Madagascar,Madagascar,Sovereign country,595923.2,46.715,-18.828
MDV,Maldives,Maldives,Maldives,Sovereign country,66.6,73.411,3.261
MEX,Mexico,Mexico,Mexico,Sovereign country,1966673.3,-102.242,23.636
MHL,Marshall Is.,Marshall Islands,Marshall Islands,Sovereign country,237.9,171.654,7.013
MKD,North Macedonia,North Macedonia,North Macedonia,Sovereign country,25420.8,21.733,41.59
MLI,Mali,Mali,Mali,Sovereign country,1261023.4,-0.755,17.569
MLT,Malta,Malta,Malta,Sovereign country,274.4,14.422,35.922
MMR,Myanmar,Myanmar,Myanmar,Sovereign country,664254.3,95.92,19.28
MNE,Montenegro,Montenegro,Montenegro,Sovereign country,13697.2,19.282,42.709
MNG,Mongolia,Mongolia,Mongolia,Sovereign country,1563902.3,105.417,46.825
MNP,N. Mariana Is.,Northern Mariana Islands,United States of America,Dependency,394.4,145.204,14.148
MOZ,Mozambique,Mozambique,Mozambique,Sovereign country,792438.6,34.668,-18.661
MRT,Mauritania,Mauritania,Mauritania,Sovereign country,1040668.6,-11.491,21.022
MSR,Montserrat,Montserrat,United Kingdom,Dependency,80.0,-62.187,16.746
MUS,Mauritius,Mauritius,Mauritius,Sovereign country,1883.4,57.58,-20.278
MWI,Malawi,Malawi,Malawi,Sovereign country,120062.2,33.738,-13.307
MYS,Malaysia,Malaysia,Malaysia,Sovereign country,328379.5,102.1,4.013
NAM,Namibia,Namibia,Namibia,Sovereign country,826494.5,17.196,-22.945
NCL,New Caledonia,New Caledonia,France,Dependency,18708.1,165.257,-21.234
NER,Niger,Niger,Niger,Sovereign country,1187697.3,9.887,17.706
NFK,Norfolk Island,Norfolk Island,Australia,Dependency,41.2,167.951,-29.056
NGA,Nigeria,Nigeria,Nigeria,Sovereign country,913593.8,7.903,9.073
NIC,Nicaragua,Nicaragua,Nicaragua,Sovereign country,129534.5,-85.544,12.831
NIU,Niue,Niue,New Zealand,Dependency,197.4,-169.869,-19.058
NLD,Netherlands,Netherlands,Netherlands,Country,37216.3,5.491,52.089
NOR,Norway,Norway,Norway,Sovereign country,385109.7,22.675,79.842
NPL,Nepal,Nepal,Nepal,Sovereign country,147523.4,83.074,28.391
NRU,Nauru,Nauru,Nauru,Sovereign country,27.9,166.932,-0.52
NZL,New Zealand,New Zealand,New Zealand,Country,267464.3,176.61,-38.008
OMN,Oman,Oman,Oman,Sovereign country,312767.4,56.992,20.856
PAK,Pakistan,Pakistan,Pakistan,Sovereign country,875728.5,70.099,30.415
PAN,Panama,Panama,Panama,Sovereign country,74409.6,-81.48,8.411
PCN,Pitcairn Is.,Pitcairn Islands,United Kingdom,Dependency,38.8,-128.317,-24.368
PER,Peru,Peru,Peru,Sovereign country,1299180.7,-75.795,-9.211
PHL,Philippines,Philippines,Philippines,Sovereign country,290958.9,125.235,7.689
PLW,Palau,Palau,Palau,Sovereign country,341.3,134.589,7.56
PNG,Papua New Guinea,Papua New Guinea,Papua New Guinea,Sovereign country,465327.9,144.36,-6.637
POL,Poland,Poland,Poland,Sovereign country,313244.1,19.158,51.931
PRI,Puerto Rico,Puerto Rico,United States of America,Dependency,8963.5,-66.407,18.233
PRK,North Korea,Dem. Rep. Korea,North Korea,Sovereign country,122770.0,126.811,40.371
PRT,Portugal,Portugal,Portugal,Sovereign country,90961.9,-8.304,39.594
PRY,Paraguay,Paraguay,Paraguay,Sovereign country,401803.3,-58.481,-23.437
PSX,Palestine,Palestine,Israel,Indeterminate,6347.5,35.26,31.949
PYF,Fr. Polynesia,French Polynesia,France,Dependency,2620.6,-139.012,-9.782
QAT,Qatar,Qatar,Qatar,Sovereign country,11099.2,51.151,25.337
ROU,Romania,Romania,Romania,Sovereign country,236299.0,24.252,45.957
RUS,Russia,Russian Federation,Russia,Sovereign country,16913027.1,88.386,59.465
RWA,Rwanda,Rwanda,Rwanda,Sovereign country,25442.4,29.974,-1.914
SAH,W. Sahara,Western Sahara,Western Sahara,Indeterminate,90997.5,-12.586,24.231
SAU,Saudi Arabia,Saudi Arabia,Saudi Arabia,Sovereign country,1930156.7,44.673,24.223
SDN,Sudan,Sudan,Sudan,Sovereign country,1867226.7,29.77,15.448
SDS,S. Sudan,South Sudan,South Sudan,Sovereign country,625360.4,29.101,7.846
SEN,Senegal,Senegal,Senegal,Sovereign country,197769.7,-14.66,14.527
SGP,Singapore,Singapore,Singapore,Sovereign country,486.0,103.823,1.348
SGS,S. Geo. and the Is.,South Georgia and the Islands,United Kingdom,Dependency,3676.6,-36.461,-54.431
SHN,Saint Helena,Saint Helena,United Kingdom,Dependency,186.3,-14.361,-7.924
SLB,Solomon Is.,Solomon Islands,Solomon Islands,Sovereign country,25797.0,160.153,-9.613
SLE,Sierra Leone,Sierra Leone,Sierra Leone,Sovereign country,72036.8,-11.862,8.448
SLV,El Salvador,El Salvador,El Salvador,Sovereign country,20437.4,-88.912,13.798
SMR,San Marino,San Marino,San Marino,Sovereign country,68.4,12.457,43.944
SOL,Somaliland,Somaliland,Somaliland,Sovereign country,168866.7,46.099,9.69
SOM,Somalia,Somalia,Somalia,Sovereign country,474661.3,46.888,5.289
SPM,St. Pierre and Miquelon,Saint Pierre and Miquelon,France,Dependency,205.7,-56.179,46.788
SRB,Serbia,Serbia,Republic of Serbia,Sovereign country,77663.5,21.005,44.207
STP,São Tomé and Principe,São Tomé and Principe,São Tomé and Principe,Sovereign country,988.1,6.591,0.174
SUR,Suriname,Suriname,Suriname,Sovereign country,145900.3,-56.138,3.952
SVK,Slovakia,Slovakia,Slovakia,Sovereign country,48447.5,19.639,48.681
SVN,Slovenia,Slovenia,Slovenia,Sovereign country,20239.5,14.613,46.149
SWE,Sweden,Sweden,Sweden,Sovereign country,443967.5,14.917,62.19
SWZ,eSwatini,Kingdom of eSwatini,eSwatini,Sovereign country,17030.1,31.447,-26.567
SXM,Sint Maarten,Sint Maarten,Netherlands,Country,41.9,-63.053,18.043
SYC,Seychelles,Seychelles,Seychelles,Sovereign country,174.8,55.487,-4.672
SYR,Syria,Syria,Syria,Sovereign country,186389.1,38.553,34.829
TCA,Turks and Caicos Is.,Turks and Caicos Islands,United Kingdom,Dependency,331.0,-71.746,21.812
TCD,Chad,Chad,Chad,Sovereign country,1273840.8,18.536,15.398
TGO,Togo,Togo,Togo,Sovereign country,57267.4,1.028,8.614
THA,Thailand,Thailand,Thailand,Sovereign country,516871.5,101.68,13.023
TJK,Tajikistan,Tajikistan,Tajikistan,Sovereign country,142612.9,70.92,38.87
TKM,Turkmenistan,Turkmenistan,Turkmenistan,Sovereign country,471682.1,58.998,38.965
TLS,Timor-Leste,Timor-Leste,East Timor,Sovereign country,15054.4,125.697,-8.928
TON,Tonga,Tonga,Tonga,Sovereign country,432.6,-175.247,-21.165
TTO,Trinidad and Tobago,Trinidad and Tobago,Trinidad and Tobago,Sovereign country,5113.8,-61.253,10.434
TUN,Tunisia,Tunisia,Tunisia,Sovereign country,157008.6,8.879,33.78
TUR,Turkey,Turkey,Turkey,Sovereign country,781555.5,35.499,38.948
TUV,Tuvalu,Tuvalu,Tuvalu,Sovereign country,10.3,179.207,-8.5
TWN,Taiwan,Taiwan,Taiwan,Sovereign country,36086.3,120.82,23.59
TZA,Tanzania,Tanzania,United Republic of Tanzania,Sovereign country,947902.8,34.236,-6.363
UGA,Uganda,Uganda,Uganda,Sovereign country,243097.4,32.682,1.327
UKR,Ukraine,Ukraine,Ukraine,Sovereign country,571431.8,31.07,48.801
URY,Uruguay,Uruguay,Uruguay,Sovereign country,177959.9,-55.807,-32.535
USA,United States of America,United States,United States of America,Country,9460566.8,-99.687,37.255
UZB,Uzbekistan,Uzbekistan,Uzbekistan,Sovereign country,448373.1,63.404,41.364
VAT,Vatican,Vatican,Vatican,Sovereign country,0.7,12.434,41.903
VCT,St. Vin. and Gren.,Saint Vincent and the Grenadines,Saint Vincent and the Grenadines,Sovereign country,311.8,-61.201,13.249
VEN,Venezuela,Venezuela,Venezuela,Sovereign country,916363.3,-65.413,6.416
VGB,British Virgin Is.,British Virgin Islands,United Kingdom,Dependency,135.7,-64.62,18.425
VIR,U.S. Virgin Is.,United States Virgin Islands,United States of America,Dependency,316.5,-64.76,17.728
VNM,Vietnam,Vietnam,Vietnam,Sovereign country,329674.6,107.851,15.97
VUT,Vanuatu,Vanuatu,Vanuatu,Sovereign country,11317.1,168.356,-17.665
WLF,Wallis and Futuna Is.,Wallis and Futuna Islands,France,Dependency,132.0,-178.152,-14.27
WSB,Akrotiri,Akrotiri,United Kingdom,Dependency,98.9,32.936,34.637
WSM,Samoa,Samoa,Samoa,Sovereign country,2707.8,-172.452,-13.612
YEM,Yemen,Yemen,Yemen,Sovereign country,455155.8,47.491,15.859
ZAF,South Africa,South Africa,South Africa,Sovereign country,1224403.2,26.095,-28.47
ZMB,Zambia,Zambia,Zambia,Sovereign country,757286.7,25.413,-13.102
ZWE,Zimbabwe,Zimbabwe,Zimbabwe,Sovereign country,391057.0,29.349,-19.013
