source_id,type,citation,url,accessed,licence
brit_egypt,reference,"Encyclopaedia Britannica, ""Egypt"", online edition; sections: World War I and independence.",https://www.britannica.com/place/Egypt,2026-09-27,Copyright Encyclopaedia Britannica; cited for facts only
brit_kenya,reference,"Encyclopaedia Britannica, ""Kenya"", online edition; sections: The British East Africa Company; The East Africa Protectorate; Kenya colony; World War II to independence.",https://www.britannica.com/place/Kenya,2026-09-27,Copyright Encyclopaedia Britannica; cited for facts only
brit_malawi,reference,"Encyclopaedia Britannica, ""Malawi"", online edition; sections: History.",https://www.britannica.com/place/Malawi,2026-09-27,Copyright Encyclopaedia Britannica; cited for facts only
brit_somalia,reference,"Encyclopaedia Britannica, ""Somalia"", online edition; sections: Revolt in British Somaliland; Civil war.",https://www.britannica.com/place/Somalia,2026-09-27,Copyright Encyclopaedia Britannica; cited for facts only
brit_sudan,reference,"Encyclopaedia Britannica, ""Sudan"", online edition; sections: The British conquest; The growth of national consciousness.",https://www.britannica.com/place/Sudan,2026-09-27,Copyright Encyclopaedia Britannica; cited for facts only
brit_tanzania,reference,"Encyclopaedia Britannica, ""Tanzania"", online edition; sections: German East Africa; Zanzibar; Independence.",https://www.britannica.com/place/Tanzania,2026-09-27,Copyright Encyclopaedia Britannica; cited for facts only
brit_uganda,reference,"Encyclopaedia Britannica, ""Uganda"", online edition; sections: Bunyoro and Buganda; Growth of a peasant economy; The Republic of Uganda.",https://www.britannica.com/place/Uganda,2026-09-27,Copyright Encyclopaedia Britannica; cited for facts only
brit_zambia,reference,"Encyclopaedia Britannica, ""Zambia"", online edition; sections: Colonial rule.",https://www.britannica.com/place/Zambia,2026-09-27,Copyright Encyclopaedia Britannica; cited for facts only
brit_zimbabwe,reference,"Encyclopaedia Britannica, ""Zimbabwe"", online edition; sections: The British South Africa Company; Rhodesia and the UDI.",https://www.britannica.com/place/Zimbabwe,2026-09-27,Copyright Encyclopaedia Britannica; cited for facts only
icow,dataset,"Paul R. Hensel (2018). ""ICOW Colonial History Data Set, version 1.1.""",http://www.paulhensel.org/icowcol.html,2026-09-27,Not redistributed; see data/raw/SOURCES.md
irish_free_state_1922,primary,Irish Free State Constitution Act 1922 (13 Geo. 5 Sess. 2 c. 1).,https://www.legislation.gov.uk/ukpga/Geo5Sess2/13/1/contents/enacted,2026-09-27,Open Government Licence v3.0
leg_s_rhodesia_1965,primary,"Southern Rhodesia Act 1965 (c. 76), section 1.",https://www.legislation.gov.uk/ukpga/1965/76/enacted,2026-09-27,Open Government Licence v3.0
leg_zambia_1964,primary,"Zambia Independence Act 1964 (c. 65), section 1.",https://www.legislation.gov.uk/ukpga/1964/65/enacted,2026-09-27,Open Government Licence v3.0
union_ireland_1800,primary,"Union with Ireland Act 1800 (39 & 40 Geo. 3 c. 67), Article First.",https://www.legislation.gov.uk/apgb/Geo3/39-40/67/contents,2026-09-27,Open Government Licence v3.0
