territory_id,name,icow_code,notes
AFG,Afghanistan,700,
AIA,Anguilla,,
ARE,United Arab Emirates,696,
BHR,Bahrain,692,
BMU,Bermuda,,
BWA,Botswana,571,
CMR,Cameroon,,
CYM,Cayman Islands,,
CYN,Northern Cyprus,,
CYP,Cyprus,352,
EGY,Egypt,651,
ESB,Dhekelia,,
FLK,Falkland Islands,,
GBR,United Kingdom,200,Great Britain and Northern Ireland on modern borders.
GGY,Guernsey,,
GHA,Ghana,452,
GIB,Gibraltar,,
GMB,The Gambia,420,
IMN,Isle of Man,,
IOT,British Indian Ocean Territory,,
IRL,Ireland,205,
IRQ,Iraq,645,
ISR,Israel,666,
JEY,Jersey,,
JOR,Jordan,663,
KEN,Kenya,501,
KWT,Kuwait,690,
LSO,Lesotho,570,
MDV,Maldives,781,
MLT,Malta,338,
MSR,Montserrat,,
MUS,Mauritius,590,
MWI,Malawi,553,
NAM,Namibia,565,
NGA,Nigeria,475,
PCN,Pitcairn Islands,,
PSX,Palestine,,
QAT,Qatar,694,
SDN,Sudan,625,
SDS,South Sudan,626,
SGS,South Georgia and the South Sandwich Islands,,
SHN,"Saint Helena, Ascension and Tristan da Cunha",,
SLE,Sierra Leone,451,
SOL,Somaliland,,
SWZ,Eswatini,572,
SYC,Seychelles,591,
TCA,Turks and Caicos Islands,,
TZA,Tanzania,510,
UGA,Uganda,500,
VGB,British Virgin Islands,,
WSB,Akrotiri,,
YEM,Yemen,680,
ZAF,South Africa,560,
ZMB,Zambia,551,
ZWE,Zimbabwe,552,
